Image name,Label,X-low,Y-low,X-high,Y-high
0.jpeg,3003,189,186,278,268
0.jpeg,3003,199,341,230,371
0.jpeg,3003,371,126,438,193
0.jpeg,3003,32,263,122,361
0.jpeg,3003,345,53,397,99
0.jpeg,3003,345,167,421,246
0.jpeg,3003,3,242,39,283
0.jpeg,3003,285,91,382,186
0.jpeg,3003,111,216,202,311
0.jpeg,3003,447,261,550,361
1.jpeg,3004,272,252,354,328
1.jpeg,3004,86,283,143,361
1.jpeg,3004,52,157,116,211
1.jpeg,3004,346,334,365,359
1.jpeg,3004,188,266,216,288
1.jpeg,3004,317,290,342,319
1.jpeg,3004,328,239,398,319
1.jpeg,3004,223,189,241,213
1.jpeg,3004,312,143,342,172
1.jpeg,3004,418,280,460,344
2.jpeg,3022,323,122,349,146
2.jpeg,3022,494,221,544,325
2.jpeg,3022,219,228,274,282
2.jpeg,3022,459,349,500,384
2.jpeg,3022,423,96,471,161
2.jpeg,3022,196,308,257,341
2.jpeg,3022,253,142,329,207
2.jpeg,3022,95,62,160,131
2.jpeg,3022,192,17,234,80
2.jpeg,3022,474,240,562,326
3.jpeg,3023,503,23,541,91
3.jpeg,3023,138,242,191,296
3.jpeg,3023,226,282,269,307
3.jpeg,3023,175,63,229,120
3.jpeg,3023,236,339,282,381
3.jpeg,3023,398,320,466,352
3.jpeg,3023,384,28,450,91
3.jpeg,3023,28,270,69,304
3.jpeg,3023,309,148,338,215
3.jpeg,3023,243,211,281,290
4.jpeg,3003,538,29,599,96
4.jpeg,3003,24,229,124,328
4.jpeg,3003,133,338,171,374
4.jpeg,3003,71,207,159,280
4.jpeg,3003,300,66,362,133
4.jpeg,3003,97,280,156,355
4.jpeg,3003,435,2,512,57
4.jpeg,3003,390,94,447,150
4.jpeg,3003,159,135,245,233
4.jpeg,3003,181,59,240,124
5.jpeg,3004,59,106,119,180
5.jpeg,3004,188,172,264,258
5.jpeg,3004,233,13,246,30
5.jpeg,3004,190,317,236,369
5.jpeg,3004,5,102,44,135
5.jpeg,3004,344,224,373,261
5.jpeg,3004,461,238,539,323
5.jpeg,3004,113,275,155,306
5.jpeg,3004,305,118,379,193
5.jpeg,3004,520,253,541,272
6.jpeg,3022,9,260,31,274
6.jpeg,3022,116,150,180,208
6.jpeg,3022,491,174,577,262
6.jpeg,3022,0,171,61,226
6.jpeg,3022,202,91,251,146
6.jpeg,3022,399,11,421,36
6.jpeg,3022,157,150,193,214
6.jpeg,3022,310,283,372,362
6.jpeg,3022,357,156,450,239
6.jpeg,3022,80,101,162,168
7.jpeg,3023,381,193,445,258
7.jpeg,3023,539,74,583,93
7.jpeg,3023,240,278,280,321
7.jpeg,3023,259,1,323,35
7.jpeg,3023,84,225,124,252
7.jpeg,3023,246,59,264,97
7.jpeg,3023,359,30,447,103
7.jpeg,3023,174,35,238,111
7.jpeg,3023,485,105,545,143
7.jpeg,3023,331,119,400,152
8.jpeg,3003,14,148,77,206
8.jpeg,3003,51,285,90,326
8.jpeg,3003,412,236,523,349
8.jpeg,3003,152,1,235,85
8.jpeg,3003,544,207,578,247
8.jpeg,3003,242,4,315,73
8.jpeg,3003,129,221,218,312
8.jpeg,3003,257,258,292,310
8.jpeg,3003,237,354,270,392
8.jpeg,3003,373,324,473,395
9.jpeg,3004,445,71,508,130
9.jpeg,3004,46,99,67,125
9.jpeg,3004,395,81,413,101
9.jpeg,3004,186,327,219,348
9.jpeg,3004,303,241,319,262
9.jpeg,3004,168,235,194,277
9.jpeg,3004,476,258,511,291
9.jpeg,3004,235,8,268,44
9.jpeg,3004,400,253,477,342
9.jpeg,3004,155,284,203,337
10.jpeg,3023,241,259,285,303
10.jpeg,3004,59,218,131,287
10.jpeg,3003,556,204,577,227
10.jpeg,3004,87,138,166,197
10.jpeg,3023,20,25,84,85
10.jpeg,3004,456,272,526,341
10.jpeg,3022,62,48,112,137
10.jpeg,3022,335,231,382,280
10.jpeg,3023,507,194,560,222
10.jpeg,3004,254,63,333,131
10.jpeg,3003,270,156,346,231
10.jpeg,3003,113,226,221,323
10.jpeg,3022,526,109,559,129
10.jpeg,3004,512,195,566,246
10.jpeg,3004,169,56,193,80
10.jpeg,3004,213,155,290,223
10.jpeg,3022,16,235,53,301
10.jpeg,3022,541,60,565,89
10.jpeg,3003,490,319,526,367
10.jpeg,3004,171,138,235,216
10.jpeg,3023,264,12,300,83
10.jpeg,3023,324,5,357,38
10.jpeg,3022,427,297,500,360
10.jpeg,3003,491,214,558,281
10.jpeg,3022,520,58,567,96
10.jpeg,3023,490,250,554,277
10.jpeg,3003,496,94,539,154
10.jpeg,3004,33,281,78,315
10.jpeg,3004,368,244,428,299
10.jpeg,3003,32,303,58,326
10.jpeg,3023,65,22,91,66
11.jpeg,3004,184,73,275,153
11.jpeg,3004,226,20,280,71
11.jpeg,3023,4,282,21,311
11.jpeg,3023,463,109,531,145
11.jpeg,3022,320,9,402,69
11.jpeg,3022,434,118,476,183
11.jpeg,3003,127,343,146,362
11.jpeg,3022,43,292,74,337
11.jpeg,3022,509,229,562,271
11.jpeg,3004,101,171,126,189
11.jpeg,3003,247,256,334,352
11.jpeg,3004,173,107,234,156
11.jpeg,3023,194,330,262,371
11.jpeg,3022,58,234,85,258
11.jpeg,3023,482,173,510,213
11.jpeg,3004,61,253,115,297
11.jpeg,3004,186,128,274,204
11.jpeg,3004,282,363,310,390
11.jpeg,3023,523,204,555,254
11.jpeg,3022,365,341,407,382
11.jpeg,3004,78,98,149,159
11.jpeg,3022,6,40,72,75
12.jpeg,3022,197,273,230,313
12.jpeg,3003,298,177,377,248
12.jpeg,3022,204,86,224,105
12.jpeg,3003,36,246,113,334
12.jpeg,3003,59,225,104,270
12.jpeg,3022,360,346,375,385
12.jpeg,3003,47,285,79,324
12.jpeg,3022,299,45,373,89
12.jpeg,3022,223,126,315,204
12.jpeg,3022,321,305,379,371
12.jpeg,3022,402,5,464,61
12.jpeg,3023,390,131,445,174
12.jpeg,3004,385,105,440,173
12.jpeg,3023,164,291,217,318
12.jpeg,3003,10,41,44,82
12.jpeg,3003,324,189,347,215
12.jpeg,3022,445,331,478,369
12.jpeg,3004,325,253,363,285
12.jpeg,3004,171,199,229,247
12.jpeg,3022,308,126,345,161
12.jpeg,3003,477,43,552,118
12.jpeg,3022,489,170,540,212
12.jpeg,3004,65,163,136,222
12.jpeg,3022,8,238,31,260
12.jpeg,3004,248,10,305,56
12.jpeg,3003,10,165,88,247
12.jpeg,3023,300,82,380,157
12.jpeg,3022,388,307,398,331
12.jpeg,3022,441,90,454,128
12.jpeg,3022,444,82,465,114
12.jpeg,3022,466,246,492,276
12.jpeg,3022,412,216,454,302
12.jpeg,3003,384,152,438,206
13.jpeg,3022,172,224,223,258
13.jpeg,3023,105,63,170,100
13.jpeg,3022,110,312,149,346
13.jpeg,3023,55,126,117,166
13.jpeg,3003,59,53,137,140
13.jpeg,3023,465,203,539,272
13.jpeg,3003,243,318,308,374
13.jpeg,3023,317,95,388,150
13.jpeg,3023,188,102,236,130
13.jpeg,3023,350,120,397,148
13.jpeg,3022,525,193,555,224
13.jpeg,3004,206,45,263,109
13.jpeg,3022,398,4,428,37
13.jpeg,3003,50,18,98,91
13.jpeg,3022,161,133,202,154
13.jpeg,3023,400,284,442,343
13.jpeg,3022,235,203,260,224
13.jpeg,3003,529,279,558,304
13.jpeg,3022,99,273,188,347
13.jpeg,3023,291,332,337,379
13.jpeg,3003,98,190,127,214
13.jpeg,3004,345,210,375,250
13.jpeg,3022,399,79,472,148
13.jpeg,3003,406,331,453,379
13.jpeg,3004,300,292,319,308
13.jpeg,3022,328,131,355,166
13.jpeg,3004,531,113,557,138
13.jpeg,3003,24,130,98,202
13.jpeg,3022,404,175,424,188
13.jpeg,3023,51,17,118,63
13.jpeg,3004,342,183,401,230
13.jpeg,3004,302,0,343,48
13.jpeg,3003,155,107,171,123
13.jpeg,3003,273,201,338,261
13.jpeg,3004,78,62,166,139
13.jpeg,3022,512,62,562,103
13.jpeg,3023,491,223,550,275
13.jpeg,3022,356,63,374,82
14.jpeg,3004,190,21,279,77
14.jpeg,3003,145,10,213,78
14.jpeg,3004,333,215,351,235
14.jpeg,3004,367,170,415,220
14.jpeg,3003,175,116,265,213
14.jpeg,3004,487,144,518,184
14.jpeg,3003,288,61,311,79
14.jpeg,3003,367,6,424,77
14.jpeg,3004,133,15,201,96
14.jpeg,3004,190,79,233,118
14.jpeg,3022,179,353,211,381
14.jpeg,3004,4,260,63,325
14.jpeg,3022,32,193,125,243
14.jpeg,3004,77,165,116,194
14.jpeg,3023,415,242,476,309
14.jpeg,3004,367,334,418,376
14.jpeg,3004,253,209,327,258
15.jpeg,3022,441,50,471,68
15.jpeg,3004,228,237,291,292
15.jpeg,3004,283,251,318,281
15.jpeg,3004,307,108,381,171
15.jpeg,3023,386,244,440,294
15.jpeg,3004,419,350,442,385
15.jpeg,3004,37,232,72,259
15.jpeg,3023,498,241,537,260
15.jpeg,3004,298,57,346,139
15.jpeg,3004,259,69,401,158
15.jpeg,3023,99,95,175,157
15.jpeg,3003,178,300,199,321
15.jpeg,3004,270,212,317,262
15.jpeg,3004,389,166,422,212
15.jpeg,3003,356,246,413,304
15.jpeg,3023,268,88,316,149
15.jpeg,3003,188,62,223,116
15.jpeg,3004,396,267,456,343
15.jpeg,3023,327,239,392,282
16.jpeg,3003,114,266,195,344
16.jpeg,3003,176,299,229,339
16.jpeg,3022,332,106,405,187
16.jpeg,3003,370,22,412,66
16.jpeg,3023,99,102,161,163
16.jpeg,3003,271,89,305,128
16.jpeg,3003,117,153,160,199
16.jpeg,3003,496,148,551,205
16.jpeg,3022,331,266,406,313
16.jpeg,3023,461,359,505,386
16.jpeg,3003,227,151,316,253
16.jpeg,3023,194,191,225,225
16.jpeg,3003,499,29,581,116
16.jpeg,3022,288,223,349,257
16.jpeg,3004,501,124,544,157
16.jpeg,3003,317,26,340,50
16.jpeg,3022,234,168,344,279
16.jpeg,3022,44,158,82,250
17.jpeg,3022,45,61,85,154
17.jpeg,3004,185,169,262,249
17.jpeg,3003,307,260,393,341
17.jpeg,3003,125,272,216,350
17.jpeg,3004,245,234,272,259
17.jpeg,3023,81,44,108,72
17.jpeg,3022,270,169,331,232
17.jpeg,3004,279,83,309,105
17.jpeg,3023,117,114,148,131
17.jpeg,3003,545,50,587,86
17.jpeg,3022,176,243,242,317
17.jpeg,3003,64,127,113,176
17.jpeg,3003,199,204,279,286
17.jpeg,3003,293,253,331,304
17.jpeg,3004,185,55,239,103
17.jpeg,3003,382,106,415,139
17.jpeg,3004,334,76,410,144
17.jpeg,3022,492,316,539,367
17.jpeg,3003,429,169,509,256
17.jpeg,3003,564,70,592,94
17.jpeg,3003,115,174,148,196
17.jpeg,3004,419,223,493,286
17.jpeg,3022,320,257,406,315
17.jpeg,3003,98,214,138,251
17.jpeg,3003,438,6,477,48
17.jpeg,3022,67,210,91,248
17.jpeg,3022,271,178,332,239
17.jpeg,3022,187,43,211,71
17.jpeg,3022,97,229,214,299
17.jpeg,3003,150,127,172,149
17.jpeg,3023,512,185,552,230
17.jpeg,3004,280,228,330,257
17.jpeg,3004,477,235,503,257
17.jpeg,3023,185,150,256,210
17.jpeg,3022,412,21,540,110
17.jpeg,3022,509,171,575,229
17.jpeg,3003,483,298,530,358
17.jpeg,3023,469,27,558,121
17.jpeg,3004,35,238,69,263
17.jpeg,3022,478,98,516,126
17.jpeg,3022,405,89,473,144
17.jpeg,3023,35,175,88,233
17.jpeg,3022,475,233,541,304
18.jpeg,3004,143,259,208,328
18.jpeg,3022,314,38,337,82
18.jpeg,3022,146,73,226,148
18.jpeg,3003,86,212,176,302
18.jpeg,3003,205,234,292,330
18.jpeg,3022,238,263,259,300
18.jpeg,3003,96,72,162,151
18.jpeg,3022,435,317,477,353
18.jpeg,3022,383,148,460,219
18.jpeg,3004,256,72,317,116
18.jpeg,3023,378,110,410,138
18.jpeg,3004,457,4,512,46
18.jpeg,3003,58,283,135,384
18.jpeg,3003,561,245,587,279
18.jpeg,3023,544,305,564,347
18.jpeg,3004,470,169,502,194
18.jpeg,3003,79,106,152,167
18.jpeg,3003,252,68,322,145
18.jpeg,3022,148,352,162,387
18.jpeg,3003,233,130,293,184
18.jpeg,3023,45,251,119,305
18.jpeg,3004,286,124,359,194
18.jpeg,3004,284,227,316,272
18.jpeg,3003,452,47,513,135
18.jpeg,3023,71,44,140,98
18.jpeg,3004,287,78,350,148
18.jpeg,3003,153,73,246,150
18.jpeg,3004,547,72,587,114
18.jpeg,3003,225,146,284,207
18.jpeg,3022,198,223,237,253
18.jpeg,3023,182,292,210,331
18.jpeg,3023,78,0,122,67
18.jpeg,3004,247,307,306,354
18.jpeg,3023,288,18,344,61
18.jpeg,3003,349,288,393,332
18.jpeg,3004,123,166,207,240
18.jpeg,3003,134,52,218,140
18.jpeg,3004,73,210,113,263
18.jpeg,3003,18,21,50,52
18.jpeg,3003,288,157,366,239
18.jpeg,3003,453,68,519,113
18.jpeg,3003,454,206,512,262
18.jpeg,3004,125,125,171,165
18.jpeg,3023,365,151,436,200
18.jpeg,3022,548,299,566,338
18.jpeg,3003,126,114,146,137
18.jpeg,3003,454,3,555,88
19.jpeg,3004,424,10,500,97
19.jpeg,3003,20,72,100,153
19.jpeg,3003,487,336,504,358
19.jpeg,3022,104,264,165,325
19.jpeg,3022,239,7,321,67
19.jpeg,3004,72,77,159,162
20.jpeg,3022,286,10,335,73
20.jpeg,3022,240,172,292,215
20.jpeg,3003,19,49,104,133
20.jpeg,3022,224,131,300,178
20.jpeg,3022,245,114,277,142
20.jpeg,3022,230,25,256,50
20.jpeg,3003,501,143,567,212
20.jpeg,3004,484,166,531,200
20.jpeg,3022,324,68,373,145
20.jpeg,3023,290,344,325,379
20.jpeg,3003,163,233,195,283
20.jpeg,3023,308,244,357,278
20.jpeg,3023,482,1,515,25
20.jpeg,3022,456,145,500,244
20.jpeg,3003,520,14,597,78
20.jpeg,3022,455,19,546,95
20.jpeg,3022,6,155,86,215
20.jpeg,3023,446,15,490,49
20.jpeg,3003,174,289,208,330
20.jpeg,3003,368,72,397,102
20.jpeg,3023,265,337,293,356
20.jpeg,3023,430,128,442,145
21.jpeg,3003,32,216,65,259
21.jpeg,3022,162,327,212,376
21.jpeg,3003,461,264,522,316
21.jpeg,3022,137,180,169,202
21.jpeg,3022,37,253,102,332
21.jpeg,3003,74,254,115,299
21.jpeg,3023,129,211,148,231
21.jpeg,3004,451,159,529,222
21.jpeg,3003,65,279,86,300
21.jpeg,3004,265,25,330,88
21.jpeg,3004,412,186,490,266
21.jpeg,3003,366,71,469,172
21.jpeg,3004,0,222,82,298
21.jpeg,3022,298,232,327,257
21.jpeg,3022,154,319,176,341
21.jpeg,3003,366,214,431,276
21.jpeg,3003,356,262,381,294
21.jpeg,3023,495,322,520,332
21.jpeg,3022,288,83,346,126
21.jpeg,3022,163,4,257,86
21.jpeg,3004,29,297,88,347
21.jpeg,3023,248,249,310,319
21.jpeg,3004,254,108,328,160
21.jpeg,3022,452,127,470,155
21.jpeg,3003,44,250,101,291
21.jpeg,3004,255,9,306,53
21.jpeg,3003,385,71,443,135
21.jpeg,3003,499,214,583,298
21.jpeg,3022,374,297,443,337
21.jpeg,3003,52,176,108,236
21.jpeg,3004,27,196,101,283
21.jpeg,3004,120,63,155,89
21.jpeg,3004,280,246,300,269
21.jpeg,3004,220,41,295,127
21.jpeg,3023,30,208,97,287
21.jpeg,3023,44,148,67,179
21.jpeg,3004,376,154,417,193
21.jpeg,3003,245,85,332,178
21.jpeg,3023,278,274,331,330
21.jpeg,3022,14,127,70,174
21.jpeg,3004,94,24,124,66
21.jpeg,3003,84,145,102,164
21.jpeg,3003,278,202,363,293
21.jpeg,3023,310,331,323,349
21.jpeg,3022,432,120,481,154
21.jpeg,3022,352,288,396,334
21.jpeg,3022,503,118,565,205
21.jpeg,3003,419,329,455,368
22.jpeg,3004,351,0,380,29
22.jpeg,3003,207,108,239,134
22.jpeg,3023,536,117,577,150
22.jpeg,3003,409,11,485,91
23.jpeg,3022,262,308,336,368
23.jpeg,3003,356,100,426,170
23.jpeg,3003,471,294,489,314
23.jpeg,3022,44,332,90,375
23.jpeg,3023,417,92,434,107
23.jpeg,3022,389,152,417,185
23.jpeg,3004,315,113,358,160
23.jpeg,3004,182,235,253,294
23.jpeg,3003,519,60,540,81
23.jpeg,3004,56,185,119,254
23.jpeg,3023,207,301,215,318
23.jpeg,3003,482,128,526,175
23.jpeg,3003,555,362,575,382
23.jpeg,3004,516,51,576,97
23.jpeg,3022,317,31,385,102
23.jpeg,3023,522,243,549,261
23.jpeg,3003,277,207,297,228
23.jpeg,3022,344,238,429,270
23.jpeg,3004,400,97,424,138
23.jpeg,3022,34,81,76,132
23.jpeg,3022,202,41,262,82
23.jpeg,3023,150,214,196,245
23.jpeg,3023,73,19,133,58
23.jpeg,3003,91,137,172,217
23.jpeg,3023,575,339,587,357
23.jpeg,3022,46,292,118,342
23.jpeg,3023,429,269,440,290
23.jpeg,3023,483,292,514,314
23.jpeg,3022,423,226,447,248
23.jpeg,3022,213,243,275,307
23.jpeg,3003,120,167,191,246
23.jpeg,3022,404,83,427,107
23.jpeg,3022,235,228,315,274
23.jpeg,3003,104,135,156,193
23.jpeg,3003,276,122,369,214
23.jpeg,3004,386,213,462,278
23.jpeg,3003,111,203,191,266
23.jpeg,3022,457,248,498,291
23.jpeg,3022,423,11,506,83
24.jpeg,3023,303,126,334,151
24.jpeg,3003,146,267,240,364
24.jpeg,3003,203,21,231,46
24.jpeg,3022,128,128,149,149
24.jpeg,3023,368,321,385,351
24.jpeg,3003,256,83,322,148
24.jpeg,3023,296,68,332,91
24.jpeg,3022,106,104,125,112
24.jpeg,3003,398,83,472,157
24.jpeg,3022,354,1,409,54
24.jpeg,3003,33,85,89,149
24.jpeg,3022,70,332,132,363
24.jpeg,3004,167,151,213,197
24.jpeg,3023,63,330,116,362
24.jpeg,3004,69,269,100,309
24.jpeg,3003,65,256,86,278
24.jpeg,3022,233,144,287,204
24.jpeg,3004,471,326,499,351
24.jpeg,3004,254,63,332,130
24.jpeg,3022,321,105,375,161
24.jpeg,3023,257,86,320,123
24.jpeg,3003,443,165,514,254
24.jpeg,3022,59,124,132,170
24.jpeg,3004,368,278,398,303
25.jpeg,3004,553,360,570,387
25.jpeg,3004,395,319,436,353
25.jpeg,3003,106,195,158,237
25.jpeg,3003,524,6,553,35
26.jpeg,3022,510,259,568,325
26.jpeg,3022,537,232,563,256
26.jpeg,3003,317,109,365,158
26.jpeg,3022,189,87,228,128
26.jpeg,3023,89,312,143,368
26.jpeg,3004,410,255,449,324
26.jpeg,3004,42,207,66,231
26.jpeg,3004,264,190,297,221
26.jpeg,3023,315,349,342,363
26.jpeg,3003,222,2,276,67
26.jpeg,3022,446,179,463,228
26.jpeg,3004,268,230,327,283
26.jpeg,3022,297,152,335,190
26.jpeg,3004,518,292,566,377
26.jpeg,3022,362,104,440,151
26.jpeg,3023,392,218,471,271
26.jpeg,3022,9,182,69,261
26.jpeg,3023,528,57,559,71
26.jpeg,3023,464,142,525,189
26.jpeg,3004,535,82,553,101
26.jpeg,3022,291,144,394,213
26.jpeg,3022,406,29,462,99
26.jpeg,3003,1,212,81,291
26.jpeg,3003,284,85,325,116
26.jpeg,3003,180,293,232,330
26.jpeg,3022,325,189,352,224
26.jpeg,3003,54,14,93,53
26.jpeg,3003,137,196,184,246
26.jpeg,3023,383,3,444,55
26.jpeg,3022,156,275,228,334
26.jpeg,3023,213,34,225,49
26.jpeg,3022,436,133,513,196
26.jpeg,3003,330,271,421,370
26.jpeg,3003,276,4,310,33
26.jpeg,3003,439,100,464,126
26.jpeg,3022,350,238,407,274
26.jpeg,3023,199,142,241,166
26.jpeg,3022,458,85,582,178
27.jpeg,3022,448,301,478,328
27.jpeg,3022,271,4,331,74
27.jpeg,3022,436,129,508,199
27.jpeg,3023,25,247,99,292
27.jpeg,3003,420,60,502,140
27.jpeg,3023,228,220,290,271
27.jpeg,3023,478,9,502,24
27.jpeg,3022,473,119,542,175
27.jpeg,3003,496,52,529,96
27.jpeg,3023,304,131,373,177
27.jpeg,3023,470,42,494,58
27.jpeg,3004,195,225,268,296
27.jpeg,3004,520,182,547,202
27.jpeg,3022,299,228,329,279
27.jpeg,3022,144,251,202,303
27.jpeg,3004,77,296,151,351
27.jpeg,3003,342,265,411,334
27.jpeg,3022,32,13,74,32
27.jpeg,3023,338,152,373,173
27.jpeg,3004,498,55,548,124
27.jpeg,3022,307,89,328,110
27.jpeg,3022,255,58,287,102
27.jpeg,3022,410,156,440,193
27.jpeg,3003,446,189,516,244
27.jpeg,3003,366,49,425,114
27.jpeg,3022,516,294,544,317
27.jpeg,3022,129,21,155,53
27.jpeg,3004,441,299,477,332
27.jpeg,3003,85,264,109,288
27.jpeg,3003,430,196,451,216
27.jpeg,3022,245,229,304,287
27.jpeg,3004,544,330,565,359
27.jpeg,3004,419,75,538,155
27.jpeg,3023,204,293,248,330
27.jpeg,3003,502,43,550,81
27.jpeg,3023,176,319,199,360
27.jpeg,3003,142,148,164,169
27.jpeg,3022,133,318,165,386
27.jpeg,3023,262,120,310,172
27.jpeg,3003,239,161,274,195
27.jpeg,3023,119,223,169,310
27.jpeg,3003,193,152,282,249
27.jpeg,3003,262,91,293,123
27.jpeg,3023,42,99,74,133
27.jpeg,3004,531,138,550,155
27.jpeg,3023,37,62,83,102
27.jpeg,3023,548,347,581,373
27.jpeg,3004,503,70,530,109
28.jpeg,3022,295,122,354,189
28.jpeg,3022,375,144,403,173
28.jpeg,3004,79,161,114,193
28.jpeg,3003,542,312,562,334
28.jpeg,3023,85,35,153,73
28.jpeg,3022,196,13,287,82
28.jpeg,3004,497,180,551,218
28.jpeg,3003,319,7,357,44
28.jpeg,3004,234,65,292,110
28.jpeg,3003,196,95,281,182
28.jpeg,3023,195,123,269,179
28.jpeg,3004,300,110,376,173
28.jpeg,3004,276,45,337,92
28.jpeg,3003,341,51,361,78
28.jpeg,3023,496,265,515,288
29.jpeg,3003,101,206,160,263
29.jpeg,3004,231,9,265,49
29.jpeg,3023,59,18,85,47
29.jpeg,3023,62,285,188,351
29.jpeg,3022,171,182,269,271
29.jpeg,3003,87,59,144,115
29.jpeg,3003,502,281,531,313
29.jpeg,3004,233,356,253,382
29.jpeg,3003,53,28,93,69
29.jpeg,3003,432,241,507,313
29.jpeg,3003,370,85,453,165
29.jpeg,3004,82,218,155,272
29.jpeg,3003,64,279,149,372
29.jpeg,3023,95,288,137,308
29.jpeg,3022,456,124,544,221
29.jpeg,3023,362,223,388,258
29.jpeg,3023,117,280,132,304
29.jpeg,3022,29,107,99,133
29.jpeg,3003,348,195,387,234
29.jpeg,3004,497,324,537,359
29.jpeg,3023,491,31,562,82
29.jpeg,3022,458,61,508,144
30.jpeg,3003,317,47,359,91
30.jpeg,3022,460,255,476,278
30.jpeg,3004,336,15,375,42
30.jpeg,3022,253,328,323,358
30.jpeg,3004,354,152,385,176
30.jpeg,3003,441,178,481,238
30.jpeg,3004,480,164,531,233
30.jpeg,3003,524,150,545,174
30.jpeg,3004,465,108,519,164
30.jpeg,3004,187,78,249,149
30.jpeg,3023,167,55,216,100
30.jpeg,3023,199,291,249,333
30.jpeg,3022,336,150,408,224
30.jpeg,3023,439,260,459,298
30.jpeg,3022,348,144,372,165
30.jpeg,3003,443,250,475,288
30.jpeg,3003,269,52,366,142
30.jpeg,3022,500,109,569,177
30.jpeg,3004,63,242,133,303
30.jpeg,3004,248,101,301,160
30.jpeg,3022,172,108,198,140
30.jpeg,3023,226,150,277,204
30.jpeg,3003,21,152,43,169
30.jpeg,3003,282,288,318,326
30.jpeg,3023,560,112,577,124
30.jpeg,3023,112,155,173,193
30.jpeg,3022,38,36,103,103
30.jpeg,3004,446,93,485,115
30.jpeg,3003,95,70,188,166
30.jpeg,3004,213,255,286,320
30.jpeg,3022,95,60,120,93
30.jpeg,3022,468,142,525,209
30.jpeg,3023,322,88,346,112
30.jpeg,3003,497,47,583,135
30.jpeg,3023,476,10,494,19
30.jpeg,3004,23,102,56,131
30.jpeg,3023,308,200,338,216
30.jpeg,3003,258,69,320,131
31.jpeg,3003,322,221,356,255
31.jpeg,3003,245,121,316,196
31.jpeg,3022,324,1,369,40
31.jpeg,3003,239,278,297,336
31.jpeg,3003,395,117,485,202
31.jpeg,3023,469,7,520,34
31.jpeg,3022,504,327,566,359
31.jpeg,3022,126,124,203,199
31.jpeg,3022,542,338,561,365
31.jpeg,3022,147,154,203,225
31.jpeg,3023,352,217,385,273
31.jpeg,3004,30,231,113,308
31.jpeg,3023,423,159,453,181
31.jpeg,3004,144,313,201,370
31.jpeg,3004,274,33,320,82
31.jpeg,3023,259,315,306,341
31.jpeg,3023,44,11,67,40
31.jpeg,3004,463,357,499,388
31.jpeg,3004,99,90,150,140
31.jpeg,3022,476,87,548,168
31.jpeg,3004,422,59,500,125
31.jpeg,3004,224,133,277,205
31.jpeg,3003,84,297,144,354
31.jpeg,3003,71,186,108,242
31.jpeg,3004,481,320,498,338
31.jpeg,3022,363,51,395,76
31.jpeg,3022,529,217,558,247
31.jpeg,3023,115,3,248,110
31.jpeg,3004,517,104,546,129
31.jpeg,3023,442,34,514,89
31.jpeg,3023,422,295,464,321
31.jpeg,3004,323,153,357,198
31.jpeg,3004,123,188,195,229
31.jpeg,3022,42,231,72,258
32.jpeg,3022,10,147,77,207
32.jpeg,3022,287,133,341,209
32.jpeg,3023,126,164,142,189
32.jpeg,3003,268,232,326,321
32.jpeg,3023,310,79,342,123
32.jpeg,3003,496,27,567,97
32.jpeg,3004,238,181,285,224
32.jpeg,3023,108,163,122,195
32.jpeg,3003,209,242,238,270
32.jpeg,3023,132,30,189,55
32.jpeg,3023,272,341,320,362
32.jpeg,3004,471,238,518,273
32.jpeg,3004,302,37,338,77
32.jpeg,3022,9,181,93,235
32.jpeg,3004,106,43,172,120
32.jpeg,3003,79,11,116,55
32.jpeg,3023,73,3,134,77
32.jpeg,3022,64,91,124,142
32.jpeg,3023,338,207,387,278
32.jpeg,3023,301,251,348,283
32.jpeg,3023,516,251,546,280
32.jpeg,3023,77,104,135,175
32.jpeg,3003,28,187,116,282
32.jpeg,3004,495,64,544,117
32.jpeg,3022,323,201,376,242
32.jpeg,3022,466,96,538,156
32.jpeg,3023,32,107,77,172
32.jpeg,3003,129,57,225,143
32.jpeg,3003,1,251,57,302
32.jpeg,3023,290,295,355,343
32.jpeg,3023,331,64,349,83
32.jpeg,3003,282,278,341,337
32.jpeg,3003,117,29,158,68
33.jpeg,3004,58,16,101,59
33.jpeg,3023,471,283,520,323
33.jpeg,3003,502,45,550,84
33.jpeg,3023,183,22,204,48
33.jpeg,3004,375,19,438,91
33.jpeg,3022,1,210,63,267
33.jpeg,3022,472,300,530,372
33.jpeg,3023,20,47,97,117
33.jpeg,3003,3,145,55,196
33.jpeg,3003,83,352,114,380
33.jpeg,3022,346,183,392,232
33.jpeg,3003,479,180,580,271
33.jpeg,3023,271,239,312,276
33.jpeg,3023,179,50,233,96
33.jpeg,3004,223,185,264,226
33.jpeg,3003,234,231,293,315
33.jpeg,3004,72,302,156,368
33.jpeg,3003,236,263,299,323
33.jpeg,3003,277,13,301,37
33.jpeg,3023,398,147,412,166
33.jpeg,3003,210,71,296,158
33.jpeg,3022,427,104,484,176
33.jpeg,3022,296,43,347,96
33.jpeg,3004,526,194,566,240
33.jpeg,3023,152,218,208,259
33.jpeg,3022,548,119,593,167
33.jpeg,3023,254,64,324,105
33.jpeg,3004,185,13,258,95
34.jpeg,3003,77,307,159,382
34.jpeg,3003,475,258,546,333
34.jpeg,3003,509,53,557,106
35.jpeg,3003,422,29,458,63
35.jpeg,3023,498,196,573,245
35.jpeg,3004,7,63,45,94
35.jpeg,3022,31,121,73,162
35.jpeg,3003,422,326,460,363
35.jpeg,3023,492,144,536,214
35.jpeg,3004,472,302,539,377
35.jpeg,3022,314,265,365,314
35.jpeg,3023,247,227,322,307
35.jpeg,3004,90,89,178,152
35.jpeg,3022,253,106,313,186
35.jpeg,3003,282,278,360,362
35.jpeg,3022,450,253,518,341
35.jpeg,3003,36,6,81,59
35.jpeg,3022,339,278,356,294
35.jpeg,3004,210,307,267,366
35.jpeg,3004,44,186,120,242
35.jpeg,3022,50,127,128,222
35.jpeg,3004,294,11,372,82
35.jpeg,3004,124,46,174,89
35.jpeg,3022,435,312,500,365
35.jpeg,3004,140,34,208,98
36.jpeg,3004,383,132,423,165
36.jpeg,3003,450,77,500,129
36.jpeg,3022,202,192,240,218
36.jpeg,3023,128,247,186,277
36.jpeg,3022,486,218,571,283
36.jpeg,3004,469,233,555,301
36.jpeg,3003,435,100,537,183
36.jpeg,3003,403,160,471,239
36.jpeg,3022,246,318,331,384
36.jpeg,3023,99,85,139,160
36.jpeg,3022,430,227,499,280
36.jpeg,3003,467,113,552,201
36.jpeg,3003,279,200,336,249
36.jpeg,3022,468,141,520,201
36.jpeg,3004,387,234,437,295
36.jpeg,3023,149,154,225,215
36.jpeg,3004,149,261,232,329
36.jpeg,3003,113,312,167,367
36.jpeg,3003,550,359,575,388
36.jpeg,3003,1,150,113,262
36.jpeg,3003,155,289,220,357
36.jpeg,3004,93,100,113,116
36.jpeg,3004,420,298,468,362
36.jpeg,3004,422,5,466,38
36.jpeg,3003,5,41,34,69
36.jpeg,3022,393,163,423,194
36.jpeg,3004,510,100,544,132
36.jpeg,3003,569,200,590,215
36.jpeg,3022,509,174,530,187
36.jpeg,3004,219,272,290,340
36.jpeg,3022,58,144,192,257
36.jpeg,3023,111,92,127,111
36.jpeg,3023,83,24,149,60
36.jpeg,3023,95,259,148,300
36.jpeg,3022,94,229,175,327
36.jpeg,3022,497,94,560,139
36.jpeg,3003,156,269,200,310
36.jpeg,3004,445,151,504,219
36.jpeg,3004,442,15,498,76
36.jpeg,3003,311,55,389,135
36.jpeg,3022,300,168,355,227
36.jpeg,3023,536,105,576,123
36.jpeg,3023,304,262,363,318
36.jpeg,3004,491,106,513,128
36.jpeg,3023,19,296,76,333
36.jpeg,3004,237,237,285,293
36.jpeg,3003,75,199,177,300
36.jpeg,3022,363,134,454,203
36.jpeg,3023,314,203,340,226
37.jpeg,3023,73,360,92,377
37.jpeg,3004,282,227,371,289
37.jpeg,3023,212,227,257,279
37.jpeg,3022,226,186,282,220
37.jpeg,3022,209,17,262,63
37.jpeg,3004,204,96,285,152
37.jpeg,3004,518,118,573,157
37.jpeg,3003,421,49,499,130
37.jpeg,3022,379,92,460,165
37.jpeg,3023,376,81,428,108
37.jpeg,3022,149,50,199,127
37.jpeg,3022,401,91,421,102
37.jpeg,3022,248,259,335,338
37.jpeg,3023,211,258,325,379
37.jpeg,3022,269,141,320,209
37.jpeg,3004,447,197,512,251
37.jpeg,3004,208,97,276,158
37.jpeg,3023,24,39,81,108
37.jpeg,3023,302,318,338,353
37.jpeg,3003,37,281,113,361
37.jpeg,3023,184,67,235,115
37.jpeg,3022,268,106,298,134
37.jpeg,3023,39,261,86,338
37.jpeg,3022,8,107,53,145
37.jpeg,3023,272,74,335,105
37.jpeg,3023,292,45,345,117
37.jpeg,3022,397,279,434,317
37.jpeg,3023,179,47,213,80
37.jpeg,3022,213,333,238,355
37.jpeg,3003,150,284,225,359
37.jpeg,3003,50,188,92,246
37.jpeg,3022,419,101,532,179
37.jpeg,3022,160,303,186,347
37.jpeg,3003,387,118,463,193
37.jpeg,3023,144,261,193,296
37.jpeg,3003,341,183,391,241
37.jpeg,3023,374,200,426,228
37.jpeg,3003,200,250,216,273
37.jpeg,3022,293,94,340,136
37.jpeg,3022,272,319,327,367
37.jpeg,3004,452,305,519,362
37.jpeg,3003,332,82,400,147
38.jpeg,3003,143,285,249,379
38.jpeg,3023,109,1,175,47
38.jpeg,3022,203,49,249,68
38.jpeg,3003,11,331,52,363
38.jpeg,3023,478,329,517,374
38.jpeg,3022,467,312,495,336
38.jpeg,3022,289,58,348,119
38.jpeg,3003,283,41,306,63
38.jpeg,3023,262,46,336,106
38.jpeg,3004,130,166,170,203
38.jpeg,3003,161,58,235,127
38.jpeg,3023,52,138,125,201
38.jpeg,3023,476,254,544,320
38.jpeg,3022,347,95,407,157
38.jpeg,3022,345,4,429,61
38.jpeg,3023,51,280,105,347
38.jpeg,3003,225,227,303,304
38.jpeg,3003,171,88,202,119
38.jpeg,3003,202,156,309,269
38.jpeg,3003,134,82,237,155
38.jpeg,3023,356,76,385,108
38.jpeg,3023,51,167,97,223
38.jpeg,3004,80,274,109,310
38.jpeg,3004,518,101,553,140
38.jpeg,3022,280,61,328,117
38.jpeg,3003,448,271,525,347
38.jpeg,3023,8,177,56,249
38.jpeg,3004,189,169,256,229
38.jpeg,3023,439,103,542,211
38.jpeg,3003,473,29,532,115
39.jpeg,3004,111,258,161,327
40.jpeg,3022,445,220,504,310
40.jpeg,3023,38,253,81,315
40.jpeg,3003,430,259,534,372
40.jpeg,3003,232,322,279,371
40.jpeg,3004,19,69,66,131
40.jpeg,3023,221,68,273,110
40.jpeg,3022,441,50,499,148
40.jpeg,3003,134,235,210,316
40.jpeg,3003,418,267,476,311
40.jpeg,3022,221,199,309,253
40.jpeg,3023,419,138,462,184
40.jpeg,3003,279,163,343,212
40.jpeg,3004,287,78,332,142
40.jpeg,3022,394,235,476,280
41.jpeg,3004,0,200,47,255
41.jpeg,3023,145,309,200,338
41.jpeg,3003,496,44,573,120
41.jpeg,3003,382,207,476,310
41.jpeg,3003,66,178,112,227
41.jpeg,3004,131,248,156,280
41.jpeg,3023,398,306,421,346
41.jpeg,3003,390,250,455,301
41.jpeg,3022,49,292,102,357
42.jpeg,3023,113,276,142,298
42.jpeg,3004,264,251,346,308
42.jpeg,3023,354,299,409,351
42.jpeg,3003,500,158,568,238
42.jpeg,3022,166,316,186,335
42.jpeg,3003,181,193,263,283
42.jpeg,3022,462,136,481,161
42.jpeg,3004,248,100,312,151
42.jpeg,3004,10,25,39,51
42.jpeg,3003,46,150,92,187
42.jpeg,3004,423,148,459,203
42.jpeg,3022,308,207,375,274
42.jpeg,3022,418,200,510,290
42.jpeg,3022,481,5,546,93
42.jpeg,3023,507,12,552,84
42.jpeg,3023,298,66,362,99
42.jpeg,3004,535,111,583,164
42.jpeg,3023,252,301,275,316
42.jpeg,3004,91,134,158,210
42.jpeg,3023,108,278,171,349
42.jpeg,3003,385,264,462,337
42.jpeg,3022,54,112,73,134
42.jpeg,3022,224,263,303,327
42.jpeg,3022,166,87,232,154
42.jpeg,3022,301,216,337,249
42.jpeg,3022,18,105,44,137
42.jpeg,3023,147,166,275,242
42.jpeg,3023,23,41,105,108
42.jpeg,3004,336,9,414,64
42.jpeg,3004,496,106,543,160
42.jpeg,3023,181,114,195,132
42.jpeg,3023,285,8,356,77
42.jpeg,3023,352,288,419,325
42.jpeg,3022,0,24,40,68
42.jpeg,3003,157,301,226,369
43.jpeg,3023,392,285,452,322
43.jpeg,3023,320,2,356,40
43.jpeg,3003,319,107,417,206
43.jpeg,3004,32,175,62,203
43.jpeg,3004,540,294,566,315
43.jpeg,3003,479,85,518,124
43.jpeg,3023,60,57,79,92
43.jpeg,3022,460,315,507,339
43.jpeg,3003,450,103,529,215
43.jpeg,3004,250,127,322,201
43.jpeg,3004,419,105,439,120
43.jpeg,3022,21,221,35,245
43.jpeg,3023,288,186,331,249
43.jpeg,3003,447,98,493,140
43.jpeg,3004,149,346,175,376
43.jpeg,3022,530,204,567,243
43.jpeg,3004,0,133,63,203
43.jpeg,3023,351,215,388,258
44.jpeg,3022,221,44,275,99
44.jpeg,3022,203,156,240,185
44.jpeg,3003,484,25,550,95
44.jpeg,3004,341,299,380,344
44.jpeg,3023,158,295,191,340
44.jpeg,3023,222,127,255,147
44.jpeg,3022,346,98,416,146
44.jpeg,3004,308,57,378,134
44.jpeg,3022,27,100,75,161
44.jpeg,3003,94,250,130,289
44.jpeg,3003,367,9,450,85
44.jpeg,3023,85,245,146,293
44.jpeg,3003,113,163,212,270
44.jpeg,3022,467,212,525,254
44.jpeg,3003,1,261,85,342
44.jpeg,3023,57,135,103,171
44.jpeg,3004,414,214,497,295
44.jpeg,3004,75,251,101,287
44.jpeg,3022,476,193,522,250
44.jpeg,3023,223,208,248,233
44.jpeg,3022,392,49,451,112
45.jpeg,3003,308,11,351,52
45.jpeg,3022,466,206,565,285
45.jpeg,3023,208,114,230,150
45.jpeg,3003,283,220,326,263
45.jpeg,3004,319,334,360,374
45.jpeg,3023,392,288,438,344
46.jpeg,3023,498,26,531,79
47.jpeg,3004,68,335,116,379
47.jpeg,3004,455,95,515,162
47.jpeg,3004,387,202,418,243
47.jpeg,3023,473,257,527,292
47.jpeg,3022,233,53,286,130
47.jpeg,3004,158,216,196,255
47.jpeg,3003,224,100,304,183
47.jpeg,3003,99,229,157,280
47.jpeg,3022,277,221,369,300
48.jpeg,3003,89,19,146,82
48.jpeg,3023,391,218,421,256
48.jpeg,3003,521,208,554,250
48.jpeg,3023,220,324,245,379
48.jpeg,3022,281,345,297,367
48.jpeg,3023,263,220,327,267
48.jpeg,3004,449,24,485,53
48.jpeg,3023,200,96,220,123
48.jpeg,3003,174,263,217,305
48.jpeg,3004,314,100,358,144
48.jpeg,3022,403,165,470,205
48.jpeg,3003,131,170,166,205
48.jpeg,3004,231,338,276,372
48.jpeg,3003,276,218,394,334
48.jpeg,3003,113,244,144,289
48.jpeg,3003,478,141,542,209
48.jpeg,3022,357,215,417,267
48.jpeg,3023,505,301,540,327
48.jpeg,3023,298,189,327,218
48.jpeg,3004,133,123,178,166
48.jpeg,3004,102,216,161,282
48.jpeg,3023,194,88,249,134
48.jpeg,3023,254,251,317,275
48.jpeg,3023,214,62,262,111
48.jpeg,3004,354,261,370,288
48.jpeg,3004,520,350,552,381
48.jpeg,3004,258,140,333,229
48.jpeg,3022,364,307,436,356
48.jpeg,3003,243,97,352,189
48.jpeg,3003,120,137,149,167
48.jpeg,3003,253,70,341,149
48.jpeg,3004,340,28,361,46
48.jpeg,3022,202,252,304,344
48.jpeg,3004,114,129,171,179
48.jpeg,3023,345,317,373,345
48.jpeg,3023,65,205,100,233
48.jpeg,3003,61,167,89,201
48.jpeg,3003,441,12,532,100
48.jpeg,3023,2,120,74,182
48.jpeg,3023,3,52,80,130
48.jpeg,3023,429,175,482,236
48.jpeg,3023,143,25,176,43
48.jpeg,3004,378,31,488,127
48.jpeg,3003,231,187,294,255
49.jpeg,3022,298,190,374,238
49.jpeg,3023,290,55,367,133
49.jpeg,3023,382,106,395,127
49.jpeg,3004,435,66,455,83
49.jpeg,3023,521,53,551,97
49.jpeg,3022,251,345,285,377
49.jpeg,3022,349,46,421,125
49.jpeg,3003,269,320,296,350
49.jpeg,3003,473,110,557,195
49.jpeg,3004,322,167,366,205
49.jpeg,3004,453,320,471,345
49.jpeg,3022,191,13,241,79
49.jpeg,3004,193,153,227,216
49.jpeg,3003,223,270,294,339
49.jpeg,3022,69,149,95,172
49.jpeg,3004,371,154,430,199
49.jpeg,3022,515,220,554,265
49.jpeg,3003,488,182,539,232
49.jpeg,3023,124,323,179,368
49.jpeg,3023,434,149,488,189
49.jpeg,3004,374,1,431,78
49.jpeg,3022,29,9,93,81
49.jpeg,3003,443,151,511,217
49.jpeg,3023,307,212,377,262
49.jpeg,3004,252,200,298,244
49.jpeg,3004,16,30,87,106
50.jpeg,3023,201,277,276,336
50.jpeg,3004,205,151,230,174
50.jpeg,3003,161,84,255,169
50.jpeg,3004,471,38,541,112
50.jpeg,3023,182,263,230,290
50.jpeg,3003,16,263,93,337
50.jpeg,3003,89,271,185,371
50.jpeg,3004,259,129,319,193
50.jpeg,3004,128,29,188,89
50.jpeg,3022,232,280,266,322
50.jpeg,3022,461,287,541,353
50.jpeg,3003,282,192,348,270
50.jpeg,3004,4,2,37,45
50.jpeg,3003,538,67,581,120
51.jpeg,3023,101,223,146,286
51.jpeg,3023,241,98,278,115
51.jpeg,3003,493,198,514,219
51.jpeg,3023,460,318,525,388
51.jpeg,3004,120,231,167,290
51.jpeg,3022,360,32,377,54
51.jpeg,3004,338,94,398,141
51.jpeg,3003,120,7,209,97
51.jpeg,3022,43,146,91,184
51.jpeg,3023,515,281,565,328
51.jpeg,3023,308,285,352,317
51.jpeg,3003,408,273,448,307
51.jpeg,3003,156,20,230,115
51.jpeg,3004,483,354,504,372
51.jpeg,3023,232,282,288,320
51.jpeg,3004,197,108,225,133
51.jpeg,3003,370,245,425,300
51.jpeg,3003,196,151,243,190
51.jpeg,3023,490,67,510,82
51.jpeg,3023,172,239,222,271
51.jpeg,3004,297,195,343,252
51.jpeg,3023,176,144,191,174
51.jpeg,3004,6,245,68,323
51.jpeg,3003,197,251,275,347
51.jpeg,3022,193,229,274,282
51.jpeg,3004,426,209,489,260
51.jpeg,3023,144,216,187,238
51.jpeg,3004,450,102,509,181
51.jpeg,3004,247,173,322,245
51.jpeg,3023,188,258,217,310
51.jpeg,3022,272,228,294,243
51.jpeg,3023,299,272,333,299
51.jpeg,3023,266,77,296,100
51.jpeg,3003,291,169,371,243
51.jpeg,3023,232,355,260,386
51.jpeg,3003,64,172,160,265
51.jpeg,3003,31,42,125,134
51.jpeg,3022,139,308,152,333
51.jpeg,3004,382,131,406,162
51.jpeg,3023,398,193,418,225
51.jpeg,3023,29,268,63,295
51.jpeg,3023,293,319,363,348
51.jpeg,3003,190,254,247,313
51.jpeg,3022,528,82,576,104
51.jpeg,3003,291,236,368,325
51.jpeg,3022,58,78,84,98
51.jpeg,3022,546,69,581,104
51.jpeg,3004,62,25,116,86
51.jpeg,3003,444,148,494,200
51.jpeg,3004,208,335,251,383
52.jpeg,3023,202,108,246,157
52.jpeg,3022,487,115,529,162
52.jpeg,3003,25,193,99,265
52.jpeg,3003,54,243,164,346
52.jpeg,3022,140,284,183,318
52.jpeg,3023,133,69,190,144
52.jpeg,3023,72,332,157,391
52.jpeg,3022,128,127,160,161
52.jpeg,3004,489,265,546,321
52.jpeg,3022,90,45,111,70
52.jpeg,3023,208,58,231,76
52.jpeg,3004,228,330,257,364
52.jpeg,3023,151,295,195,353
52.jpeg,3022,442,229,481,288
52.jpeg,3023,484,219,573,272
52.jpeg,3004,28,235,81,321
52.jpeg,3022,504,108,573,176
52.jpeg,3003,39,249,75,281
52.jpeg,3003,43,197,97,257
52.jpeg,3022,348,289,437,353
52.jpeg,3004,40,169,75,211
52.jpeg,3004,240,78,329,187
52.jpeg,3022,19,327,49,353
52.jpeg,3022,2,251,13,272
52.jpeg,3003,121,307,170,345
53.jpeg,3003,524,307,584,370
53.jpeg,3003,47,168,87,221
53.jpeg,3004,149,87,202,128
54.jpeg,3003,430,314,500,380
54.jpeg,3004,315,126,386,195
54.jpeg,3004,375,257,439,332
54.jpeg,3023,240,130,273,153
54.jpeg,3023,79,231,138,294
54.jpeg,3003,203,23,226,49
54.jpeg,3003,204,138,287,227
54.jpeg,3003,412,257,465,308
54.jpeg,3022,262,317,292,371
54.jpeg,3004,284,130,348,222
54.jpeg,3004,411,118,466,163
54.jpeg,3023,342,243,398,313
54.jpeg,3003,376,273,403,296
54.jpeg,3023,163,110,197,131
54.jpeg,3022,16,38,63,71
54.jpeg,3022,335,338,357,356
54.jpeg,3003,87,291,127,331
54.jpeg,3003,37,209,111,286
54.jpeg,3003,26,259,122,346
54.jpeg,3022,97,186,132,216
54.jpeg,3022,463,258,548,335
54.jpeg,3022,278,205,328,309
54.jpeg,3023,322,231,373,294
54.jpeg,3004,329,189,385,259
54.jpeg,3003,114,169,181,237
54.jpeg,3022,510,310,586,393
54.jpeg,3023,519,318,543,350
54.jpeg,3023,130,221,169,247
54.jpeg,3023,222,301,270,325
54.jpeg,3023,322,263,379,301
54.jpeg,3004,263,355,281,373
54.jpeg,3003,38,372,64,397
54.jpeg,3004,159,120,209,178
54.jpeg,3004,200,211,281,294
54.jpeg,3022,131,140,225,214
54.jpeg,3022,352,264,435,324
54.jpeg,3004,198,285,274,357
54.jpeg,3023,189,125,206,151
54.jpeg,3023,48,161,65,172
54.jpeg,3022,350,244,454,336
54.jpeg,3023,489,135,541,168
54.jpeg,3023,34,190,110,244
54.jpeg,3023,7,38,72,113
55.jpeg,3003,142,39,196,86
55.jpeg,3022,373,172,410,202
55.jpeg,3022,118,317,185,361
55.jpeg,3004,186,308,213,330
55.jpeg,3004,210,251,247,295
55.jpeg,3004,560,156,587,176
55.jpeg,3004,107,47,140,75
55.jpeg,3003,155,342,180,368
55.jpeg,3004,288,195,311,211
55.jpeg,3003,504,234,557,286
55.jpeg,3003,321,372,348,397
56.jpeg,3004,147,182,199,227
56.jpeg,3003,355,245,400,290
56.jpeg,3022,59,269,81,290
56.jpeg,3023,464,101,502,161
56.jpeg,3022,21,266,95,318
56.jpeg,3022,405,60,435,79
56.jpeg,3022,567,229,593,253
56.jpeg,3022,287,243,337,286
56.jpeg,3022,553,120,577,143
56.jpeg,3003,168,235,225,291
56.jpeg,3004,134,355,165,388
56.jpeg,3023,497,145,558,176
56.jpeg,3022,374,149,462,241
57.jpeg,3023,418,239,443,261
57.jpeg,3022,303,119,357,215
57.jpeg,3022,138,149,179,210
57.jpeg,3003,537,261,562,283
57.jpeg,3003,130,267,154,289
57.jpeg,3004,173,294,242,349
57.jpeg,3004,39,190,90,228
57.jpeg,3022,340,211,423,273
57.jpeg,3023,208,237,250,302
57.jpeg,3003,262,104,316,165
57.jpeg,3022,81,99,139,159
57.jpeg,3004,304,106,359,183
57.jpeg,3022,259,7,305,51
58.jpeg,3023,330,174,381,242
58.jpeg,3004,254,162,277,182
58.jpeg,3022,163,271,225,334
58.jpeg,3004,4,50,40,90
58.jpeg,3003,23,225,117,324
58.jpeg,3023,64,348,99,379
58.jpeg,3003,322,27,376,85
58.jpeg,3003,302,154,392,244
58.jpeg,3023,376,19,388,38
58.jpeg,3023,75,263,186,335
58.jpeg,3003,229,171,295,262
58.jpeg,3003,336,33,420,119
58.jpeg,3004,460,207,532,295
58.jpeg,3003,377,216,449,301
58.jpeg,3022,439,2,455,22
58.jpeg,3023,119,257,169,292
58.jpeg,3023,97,273,143,339
58.jpeg,3003,446,117,491,161
58.jpeg,3022,242,16,297,82
59.jpeg,3022,434,221,466,271
59.jpeg,3004,350,44,395,83
59.jpeg,3022,365,193,407,234
59.jpeg,3004,532,4,576,54
59.jpeg,3004,22,181,98,259
59.jpeg,3003,186,70,270,168
59.jpeg,3004,431,201,453,216
59.jpeg,3003,115,165,191,257
59.jpeg,3022,126,143,195,211
59.jpeg,3003,21,307,86,381
59.jpeg,3003,142,195,216,267
59.jpeg,3003,121,97,181,154
59.jpeg,3004,447,35,502,108
59.jpeg,3023,153,4,198,33
59.jpeg,3023,422,126,470,164
59.jpeg,3003,228,89,311,159
59.jpeg,3003,258,343,285,369
59.jpeg,3023,188,151,214,187
59.jpeg,3023,172,248,233,312
59.jpeg,3004,360,80,384,99
59.jpeg,3023,139,244,189,294
59.jpeg,3003,429,69,519,152
59.jpeg,3023,6,228,32,253
59.jpeg,3022,370,64,438,159
59.jpeg,3003,109,234,193,320
59.jpeg,3004,369,248,401,291
59.jpeg,3023,201,241,240,268
59.jpeg,3023,42,130,113,190
59.jpeg,3003,295,90,376,175
59.jpeg,3003,57,209,120,290
59.jpeg,3022,15,153,56,200
59.jpeg,3003,385,145,448,206
59.jpeg,3023,347,308,392,332
59.jpeg,3004,90,23,127,62
59.jpeg,3023,95,235,168,291
59.jpeg,3004,251,35,311,78
59.jpeg,3023,496,286,526,306
59.jpeg,3004,478,189,525,231
59.jpeg,3003,359,126,448,216
59.jpeg,3022,243,77,269,105
59.jpeg,3004,191,68,264,144
59.jpeg,3022,83,293,145,367
59.jpeg,3023,345,29,390,58
59.jpeg,3004,312,1,357,35
59.jpeg,3003,486,122,583,191
60.jpeg,3023,15,246,42,279
60.jpeg,3003,513,282,578,348
60.jpeg,3022,333,100,387,194
60.jpeg,3022,72,269,154,332
60.jpeg,3023,81,322,103,353
60.jpeg,3003,524,122,583,187
60.jpeg,3022,407,243,495,301
60.jpeg,3003,116,100,210,185
60.jpeg,3003,282,149,380,228
60.jpeg,3022,376,352,420,384
60.jpeg,3022,209,205,255,245
60.jpeg,3003,480,228,550,296
60.jpeg,3004,159,78,224,158
60.jpeg,3023,177,203,214,223
60.jpeg,3004,81,30,144,107
60.jpeg,3003,244,294,323,388
60.jpeg,3023,416,138,438,179
60.jpeg,3004,135,158,185,199
60.jpeg,3023,68,274,162,331
60.jpeg,3004,394,46,435,83
60.jpeg,3004,229,188,260,217
60.jpeg,3023,100,72,167,115
60.jpeg,3003,504,310,550,351
60.jpeg,3003,332,175,425,261
60.jpeg,3023,261,127,316,161
60.jpeg,3004,163,312,222,367
60.jpeg,3003,180,161,251,233
60.jpeg,3023,28,178,66,239
60.jpeg,3003,120,313,140,335
60.jpeg,3023,465,341,492,363
60.jpeg,3022,135,191,174,208
60.jpeg,3003,311,208,383,285
60.jpeg,3023,94,265,166,318
60.jpeg,3003,390,3,412,37
60.jpeg,3023,96,219,188,297
60.jpeg,3003,324,158,379,220
60.jpeg,3023,207,231,280,273
60.jpeg,3023,264,75,319,150
60.jpeg,3003,211,259,237,288
60.jpeg,3003,218,109,315,209
60.jpeg,3023,395,302,441,336
60.jpeg,3023,340,301,382,357
60.jpeg,3022,192,40,302,159
60.jpeg,3004,338,82,393,125
60.jpeg,3003,270,32,360,126
60.jpeg,3023,151,214,199,262
60.jpeg,3023,138,247,181,277
60.jpeg,3023,282,259,344,356
60.jpeg,3004,248,91,313,144
60.jpeg,3003,222,135,306,219
61.jpeg,3023,121,177,156,204
61.jpeg,3003,366,81,426,138
61.jpeg,3004,172,57,263,121
61.jpeg,3003,206,149,275,228
61.jpeg,3004,466,27,482,44
61.jpeg,3003,275,1,335,73
61.jpeg,3022,270,222,335,324
61.jpeg,3022,272,71,312,112
61.jpeg,3003,265,230,287,247
61.jpeg,3022,363,182,467,262
61.jpeg,3004,146,105,181,134
61.jpeg,3004,157,246,262,336
61.jpeg,3003,358,90,381,111
61.jpeg,3022,213,333,270,374
61.jpeg,3022,1,113,26,136
61.jpeg,3022,299,238,321,257
61.jpeg,3004,215,265,292,347
61.jpeg,3003,45,198,128,285
61.jpeg,3003,72,14,129,98
61.jpeg,3023,467,302,530,340
61.jpeg,3003,79,345,118,380
61.jpeg,3022,328,171,404,249
61.jpeg,3004,92,3,166,60
61.jpeg,3023,496,340,529,359
61.jpeg,3022,149,242,217,303
61.jpeg,3003,480,283,563,379
61.jpeg,3003,310,21,403,117
61.jpeg,3022,95,45,165,136
61.jpeg,3023,510,315,562,374
62.jpeg,3003,102,75,188,146
62.jpeg,3022,501,140,565,191
62.jpeg,3004,341,311,361,326
62.jpeg,3004,6,33,82,110
62.jpeg,3004,551,261,577,290
62.jpeg,3004,39,92,92,143
62.jpeg,3004,528,239,550,265
62.jpeg,3003,262,118,288,145
62.jpeg,3022,329,20,416,99
62.jpeg,3023,159,12,195,60
62.jpeg,3004,252,211,298,294
62.jpeg,3003,259,103,287,131
62.jpeg,3004,320,270,376,349
62.jpeg,3003,335,124,401,212
62.jpeg,3022,120,125,167,169
62.jpeg,3003,480,239,564,319
62.jpeg,3022,20,215,80,258
62.jpeg,3022,151,222,186,253
62.jpeg,3022,84,239,128,280
62.jpeg,3003,200,66,308,139
62.jpeg,3004,44,84,76,142
62.jpeg,3003,196,22,275,126
62.jpeg,3003,489,50,558,115
62.jpeg,3023,220,164,235,184
62.jpeg,3023,5,224,39,259
62.jpeg,3003,195,61,265,145
62.jpeg,3023,388,7,444,62
62.jpeg,3004,252,45,317,94
62.jpeg,3023,186,163,224,195
62.jpeg,3023,357,318,391,340
62.jpeg,3003,350,193,401,241
62.jpeg,3003,47,232,147,332
62.jpeg,3023,437,81,517,122
62.jpeg,3004,487,188,568,267
62.jpeg,3023,262,181,277,199
62.jpeg,3004,245,178,298,236
62.jpeg,3022,521,361,555,396
63.jpeg,3004,96,32,115,50
63.jpeg,3003,51,234,111,306
63.jpeg,3003,416,18,497,116
63.jpeg,3022,426,169,452,192
63.jpeg,3003,266,168,313,209
63.jpeg,3022,548,273,577,292
63.jpeg,3023,341,126,477,235
63.jpeg,3022,126,273,191,343
63.jpeg,3003,290,86,319,114
63.jpeg,3022,37,270,87,340
63.jpeg,3004,214,9,264,70
63.jpeg,3003,252,78,292,126
63.jpeg,3023,340,164,380,191
63.jpeg,3004,369,166,396,214
63.jpeg,3023,545,336,558,353
63.jpeg,3022,159,277,188,304
63.jpeg,3003,440,270,494,315
63.jpeg,3022,106,34,165,89
63.jpeg,3004,6,324,49,360
63.jpeg,3023,275,119,303,179
63.jpeg,3004,377,93,461,148
63.jpeg,3022,181,210,264,248
63.jpeg,3003,438,218,528,308
63.jpeg,3003,44,51,66,74
63.jpeg,3023,211,256,248,326
63.jpeg,3003,208,207,282,281
63.jpeg,3023,445,49,496,81
63.jpeg,3004,99,103,147,147
63.jpeg,3023,17,129,53,152
63.jpeg,3022,169,272,227,321
63.jpeg,3004,92,135,170,208
63.jpeg,3004,219,135,247,157
63.jpeg,3022,424,160,469,198
63.jpeg,3022,299,45,363,108
63.jpeg,3003,216,147,249,181
63.jpeg,3023,91,56,137,94
63.jpeg,3022,309,151,379,191
64.jpeg,3023,42,140,126,194
64.jpeg,3023,463,370,490,397
65.jpeg,3023,13,135,29,148
65.jpeg,3022,119,15,213,93
65.jpeg,3022,399,304,449,380
65.jpeg,3003,544,254,579,297
65.jpeg,3004,412,313,449,348
65.jpeg,3004,556,45,590,73
65.jpeg,3004,347,286,411,356
65.jpeg,3023,71,277,142,355
65.jpeg,3003,112,218,186,292
65.jpeg,3023,354,187,403,223
65.jpeg,3023,513,186,538,226
65.jpeg,3004,199,126,249,164
65.jpeg,3004,74,183,93,204
65.jpeg,3023,512,190,529,204
65.jpeg,3004,508,275,570,325
65.jpeg,3023,498,334,538,374
65.jpeg,3022,394,218,446,286
65.jpeg,3003,134,277,239,366
65.jpeg,3022,464,319,492,387
65.jpeg,3022,467,32,521,77
65.jpeg,3023,189,120,212,144
65.jpeg,3023,356,228,434,282
65.jpeg,3022,219,252,274,315
65.jpeg,3023,136,95,258,175
65.jpeg,3004,436,249,489,344
65.jpeg,3022,38,54,111,111
65.jpeg,3003,71,211,126,267
65.jpeg,3022,418,68,486,107
65.jpeg,3004,191,205,236,234
65.jpeg,3004,165,85,232,152
65.jpeg,3022,455,21,493,63
65.jpeg,3004,162,229,226,301
65.jpeg,3023,430,32,476,67
65.jpeg,3022,3,260,26,277
66.jpeg,3023,359,43,409,97
66.jpeg,3023,30,157,52,172
66.jpeg,3004,127,198,170,246
66.jpeg,3004,514,86,549,118
66.jpeg,3023,208,9,256,46
66.jpeg,3022,28,261,75,292
66.jpeg,3004,139,59,219,139
66.jpeg,3003,138,70,207,163
66.jpeg,3003,350,73,410,134
66.jpeg,3023,54,76,84,117
66.jpeg,3022,501,52,519,72
66.jpeg,3003,399,172,488,260
66.jpeg,3004,106,200,184,258
66.jpeg,3023,490,0,511,47
66.jpeg,3004,66,134,110,179
66.jpeg,3003,465,272,539,355
66.jpeg,3023,5,359,38,377
66.jpeg,3004,439,71,465,104
66.jpeg,3004,328,128,350,147
66.jpeg,3022,234,154,271,191
66.jpeg,3004,47,232,65,252
66.jpeg,3022,505,260,527,289
66.jpeg,3022,232,107,301,182
66.jpeg,3003,543,338,582,370
66.jpeg,3004,482,156,542,213
66.jpeg,3004,321,257,386,297
66.jpeg,3004,374,276,395,296
67.jpeg,3022,206,231,245,265
67.jpeg,3023,192,309,242,356
67.jpeg,3022,399,224,446,300
67.jpeg,3003,0,42,48,103
67.jpeg,3003,246,218,304,272
67.jpeg,3023,113,224,137,237
67.jpeg,3023,512,295,532,305
67.jpeg,3004,477,119,534,169
67.jpeg,3003,459,219,539,273
68.jpeg,3023,541,192,563,206
68.jpeg,3004,441,2,531,63
68.jpeg,3022,290,111,345,173
68.jpeg,3023,228,80,260,111
68.jpeg,3004,38,267,63,302
68.jpeg,3022,548,277,580,322
68.jpeg,3022,49,273,81,296
68.jpeg,3023,18,220,46,249
68.jpeg,3004,466,175,494,208
68.jpeg,3004,394,192,467,276
68.jpeg,3003,241,57,279,98
68.jpeg,3023,518,15,535,35
68.jpeg,3022,42,237,140,296
68.jpeg,3004,179,183,208,206
68.jpeg,3004,225,231,301,309
68.jpeg,3004,421,0,434,18
68.jpeg,3004,31,189,89,263
68.jpeg,3004,277,92,346,168
68.jpeg,3004,404,297,484,362
68.jpeg,3022,105,38,124,54
68.jpeg,3003,427,79,495,139
68.jpeg,3022,191,291,222,320
68.jpeg,3022,102,136,151,192
68.jpeg,3004,351,163,391,222
68.jpeg,3023,532,97,560,113
68.jpeg,3022,80,134,110,164
68.jpeg,3022,212,68,251,110
68.jpeg,3022,218,333,262,364
68.jpeg,3004,544,351,578,383
68.jpeg,3023,385,211,402,221
68.jpeg,3003,240,347,275,381
68.jpeg,3023,233,320,256,358
68.jpeg,3022,260,188,287,224
68.jpeg,3022,92,194,112,227
68.jpeg,3004,189,11,275,93
68.jpeg,3003,443,96,485,139
68.jpeg,3022,367,55,416,109
68.jpeg,3023,431,144,452,177
68.jpeg,3023,165,77,239,114
68.jpeg,3003,429,95,517,178
68.jpeg,3023,467,28,509,44
68.jpeg,3003,183,114,223,148
68.jpeg,3023,261,74,300,121
68.jpeg,3004,416,149,488,206
68.jpeg,3003,224,56,341,170
68.jpeg,3004,122,186,164,241
68.jpeg,3022,405,65,498,148
68.jpeg,3023,410,172,445,190
69.jpeg,3004,272,299,346,360
69.jpeg,3022,25,59,97,110
69.jpeg,3003,128,117,173,165
69.jpeg,3004,283,221,308,251
69.jpeg,3022,46,18,107,98
69.jpeg,3022,438,120,468,149
69.jpeg,3023,65,236,115,291
69.jpeg,3022,241,330,262,350
69.jpeg,3004,100,274,164,328
69.jpeg,3003,304,98,371,164
69.jpeg,3004,129,291,205,363
69.jpeg,3003,28,70,113,157
69.jpeg,3022,282,304,335,351
69.jpeg,3004,557,348,580,362
69.jpeg,3004,171,239,228,299
69.jpeg,3003,25,230,96,311
69.jpeg,3004,531,78,574,134
69.jpeg,3004,403,166,477,220
69.jpeg,3003,391,133,467,220
69.jpeg,3004,387,275,475,358
69.jpeg,3004,11,51,88,109
69.jpeg,3023,419,1,464,39
69.jpeg,3003,202,173,238,227
69.jpeg,3022,153,236,182,261
69.jpeg,3003,9,194,47,257
